use nafarra

delete from DeliveryFee
delete from Status1
delete from Item
delete from Order1
delete from Manages
delete from WorksFor
delete from Division
delete from Branch
delete from Customer
delete from Employee
delete from Province

INSERT INTO Customer VALUES
    ('0898555526','Adi','Agung Sudirman','Jl. Raya Perancis','172','Malang','65139'),
    ('0858555683','Chloe','Harahap','Jl. RA Kartini','247','Jakarta','29111'),
    ('0854555120','Cornelius','Hasugian','Jl. Raya Saning Bakar','459','Bandung','33118'),
    ('0811555948','Budi','Hadi Yuwono','Jl. Komplek Gn Rahayu II','34','Malang','65142'),
    ('0852555109','Inge','Dwi Darmali','Jl. Pualam','445','Jakarta','25215');

INSERT INTO Employee VALUES
    ('301001','Haris','L',4500000,'1975-08-22','085647854859'),
    ('305001','Agil','L',3500000,'1983-07-21','085247185658'),
    ('306001','Faisal','L',3000000,'1975-01-17','081354745868'),
    ('309001','Faiz','L',3000000,'1982-11-21','081354783596'),
    ('601001','Rizqi','L',3500000,'1983-02-20','085246852121'),
    ('605001','Galang','L',3000000,'1980-03-20','085341824962'),
    ('300001','Irza','L',6000000,'1985-04-20','085246587412'),
    ('606001','Rifda','P',3000000,'1986-05-20','081321113548'),
    ('609001','Putri','P',3000000,'1987-06-20','085347771459'),
    ('801001','Afifa','P',3500000,'1990-06-20','085254785496'),
    ('805001','Azri','L',4000000,'1993-12-25','086521586521'),
    ('806001','Nofath','L',3500000,'1997-09-13','085124213256'),
    ('809001','Linda','P',3000000,'1998-10-15','085749658520'),
    ('600001','Milah','P',6000000,'1995-01-29','085123232356'),
    ('800001','Joko','L',6000000,'1992-06-05','081341522259');

INSERT INTO Province VALUES
    ('01','DKI Jakarta'),
    ('02','Aceh'),
    ('03','Sumatera Utara'),
    ('04','Sumatera Barat'),
    ('05','Riau'),
    ('06','Kepulauan Riau'),
    ('07','Jambi'),
    ('08','Sumatera Selatan'),
    ('09','Lampung'),
    ('10','Bengkulu'),
    ('11','Bangka Belitung'),
    ('12','Jawa Tengah'),
    ('13','DI Yogyakarta'),
    ('14','Jawa Timur'),
    ('15','Kalimantan Barat'),
    ('16','Kalimantan Tengah'),
    ('17','Kalimantan Selatan'),
    ('18','Kalimantan Timur'),
    ('19','Kalimantan Utara'),
    ('20','Bali'),
    ('21','Nusa Tenggara Barat'),
    ('22','Nusa Tenggara Timur'),
    ('23','Sulawesi Utara'),
    ('24','Sulawesi Tengah'),
    ('25','Sulawesi Selatan'),
    ('26','Sulawesi Tenggara'),
    ('27','Maluku'),
    ('28','Papua'),
    ('29','Maluku Utara'),
    ('30','Gorontalo'),
    ('31','Papua Barat'),
    ('32','Sulawesi Barat'),
    ('33','Jawa Barat'),
    ('34','Banten');

INSERT INTO Branch VALUES
    ('MLG-0003','300001','Jl. Veteran','2','Malang','65145','14'),
    ('JKT-0006','600001','Jl. Veteran','16','Jakarta','10110','01'),
    ('BDG-0008','800001','Jl. Veteran','40','Bandung','40122','33');

INSERT INTO Division VALUES
    ('301','Cust. Service','MLG-0003'),
    ('305','Logistic','MLG-0003'),
    ('306','Courier','MLG-0003'),
    ('309','Administration','MLG-0003'),
    ('601','Cust. Service','JKT-0006'),
    ('605','Logistic','JKT-0006'),
    ('606','Courier','JKT-0006'),
    ('609','Administration','JKT-0006'),
    ('801','Cust. Service','BDG-0008'),
    ('805','Logistic','BDG-0008'),
    ('806','Courier','BDG-0008'),
    ('809','Administration','BDG-0008');

INSERT INTO WorksFor VALUES
    ('301001','301','2013-12-02'),
    ('305001','305','2012-11-10'),
    ('306001','306','2016-06-24'),
    ('309001','309','2015-08-11'),
    ('601001','601','2017-04-04'),
    ('605001','605','2016-06-08'),
    ('606001','606','2017-04-11'),
    ('609001','609','2016-02-29'),
    ('801001','801','2017-01-02'),
    ('805001','805','2016-08-12'),
    ('806001','806','2015-11-01'),
    ('809001','809','2014-06-23');

INSERT INTO Manages VALUES
    ('301001','301','2016-12-02'),
    ('305001','305','2015-11-10'),
    ('306001','306','2019-06-24'),
    ('309001','309','2018-08-11'),
    ('601001','601','2020-04-04'),
    ('605001','605','2019-06-08'),
    ('606001','606','2020-04-11'),
    ('609001','609','2019-02-28'),
    ('801001','801','2020-01-02'),
    ('805001','805','2019-08-12'),
    ('806001','806','2018-11-01'),
    ('809001','809','2017-06-23');

INSERT INTO Order1 VALUES
    ('REG001','JL. Gombel Permai Raya I','49A','50261','Semarang','2020-07-30','0858555683','REG','12'),
    ('REG002','Jl. Jend. AH. Nasution','109','93561','Kendari','2020-02-12','0898555526','REG','26'),
    ('REG003','Jl. Mapala Raya','12','90222','Makassar','2020-02-14','0858555683','REG','25'),
    ('REG004','Jl. Gitar','5','75242','Samarinda','2020-11-01','0898555526','REG','18'),
    ('EXP001','Jl. Sutan Syahrir','8','99615','Merauke','2020-12-08','0858555683','EXP','28'),
    ('EXP002','Jl. Panglima Polim I','67','12160','Jakarta','2020-05-05','0854555120','EXP','01'),
    ('EXP003','Jl. Kertapura IIIA','26','80119','Denpasar','2020-02-20','0811555948','EXP','20');

INSERT INTO Item VALUES
    ('Casio FX-350ES PLUS - Scientific Kalkulator','REG001',150,100,40,300),
    ('Logitech G304 Lightspeed Wireless Gaming Mouse','REG002',40,70,110,500),
    ('Unitech Cooling Pad Coolingpad Cooler Laptop 2 Fan LED A2 Maxcool 9','REG003',70,150,220,1000),
    ('FACESHIELD','REG004',200,120,40,42),
    ('SONY Alpha A6400 Kit 16-50mm','REG004',60,80,30,1000),
    ('Ceviro Safiety Premium Woman Wallet Dompet Wanita','EXP001',90,130,50,300),
    ('Mini Powerbank 10000mAh LED Digital','EXP001',50,30,30,300),
    ('AirsPro B5 Airdots Headset Bluetooth 5.0 Sport True Wireless Earphone','EXP002',30,60,30,100),
    ('ROLLED OAT','EXP003',70,50,40,250),
    ('Pumpkin Seed','EXP003',70,50,40,250);

INSERT INTO Status1 VALUES
    ('2020-06-04','14:25:00','REG001','Manifested','601001'),
    ('2020-06-05','14:23:00','REG001','On Process','605001'),
    ('2020-06-06','17:20:00','REG001','Delivered','606001'),
    ('2020-07-30','10:20:00','REG002','Manifested','301001'),
    ('2020-07-31','14:25:00','REG002','On Process','305001'),
    ('2020-08-01','03:04:00','REG002','On Transit','305001'),
    ('2020-08-01','16:48:00','REG002','Delivered','306001'),
    ('2020-02-12','13:25:00','REG003','Manifested','601001'),
    ('2020-02-13','14:21:00','REG003','On Process','605001'),
    ('2020-02-14','16:15:00','REG003','Delivered','606001'),
    ('2020-02-14','12:10:00','REG004','Manifested','301001'),
    ('2020-02-15','14:29:00','REG004','On Process','305001'),
    ('2020-02-16','15:20:00','REG004','Delivered','306001'),
    ('2020-12-08','12:12:00','EXP001','Manifested','601001'),
    ('2020-12-08','14:30:00','EXP001','On Process','605001'),
    ('2020-12-09','11:23:00','EXP001','Delivered','606001'),
    ('2020-05-05','11:11:00','EXP002','Manifested','801001'),
    ('2020-05-05','14:24:00','EXP002','On Process','805001'),
    ('2020-05-06','15:23:00','EXP002','Delivered','806001'),
    ('2020-02-20','13:11:00','EXP003','Manifested','301001'),
    ('2020-02-20','14:22:00','EXP003','On Process','305001'),
    ('2020-02-21','10:20:00','EXP003','Delivered','306001');

INSERT INTO DeliveryFee VALUES
    ('01','01',9000),
    ('01','02',51000),
    ('01','03',33000),
    ('01','04',57000),
    ('01','05',22000),
    ('01','06',28000),
    ('01','07',22000),
    ('01','08',22000),
    ('01','09',37000),
    ('01','10',25000),
    ('01','11',28000),
    ('01','12',20000),
    ('01','13',19000),
    ('01','14',22000),
    ('01','15',45000),
    ('01','16',43000),
    ('01','17',57000),
    ('01','18',58000),
    ('01','19',54000),
    ('01','20',9000),
    ('01','21',28000),
    ('01','22',87000),
    ('01','23',47000),
    ('01','24',77000),
    ('01','25',36000),
    ('01','26',27000),
    ('01','27',51000),
    ('01','28',51000),
    ('01','29',39000),
    ('01','30',30000),
    ('01','31',51000),
    ('01','32',52000),
    ('01','33',18000),
    ('01','34',9000),
    ('02','02',28000),
    ('02','03',30300),
    ('02','04',74000),
    ('02','05',68000),
    ('02','06',60000),
    ('02','07',51000),
    ('02','08',40000),
    ('02','09',41000),
    ('02','10',21000),
    ('02','11',50000),
    ('02','12',57000),
    ('02','13',63000),
    ('02','14',38000),
    ('02','15',17000),
    ('02','16',47000),
    ('02','17',63000),
    ('02','18',39000),
    ('02','19',18000),
    ('02','20',67000),
    ('02','21',54000),
    ('02','22',80000),
    ('02','23',53000),
    ('02','24',75000),
    ('02','25',118000),
    ('02','26',81000),
    ('02','27',90000),
    ('02','28',99000),
    ('02','29',93000),
    ('02','30',97000),
    ('02','31',70000),
    ('02','32',87000),
    ('02','33',64000),
    ('02','34',35000),
    ('03','03',10000),
    ('03','04',37000),
    ('03','05',37000),
    ('03','06',44000),
    ('03','07',36000),
    ('03','08',31000),
    ('03','09',34000),
    ('03','10',35000),
    ('03','11',24000),
    ('03','12',18000),
    ('03','13',55000),
    ('03','14',49000),
    ('03','15',38000),
    ('03','16',31000),
    ('03','17',44000),
    ('03','18',38000),
    ('03','19',46000),
    ('03','20',60000),
    ('03','21',63000),
    ('03','22',51000),
    ('03','23',49000),
    ('03','24',30000),
    ('03','25',80000),
    ('03','26',39000),
    ('03','27',84000),
    ('03','28',88000),
    ('03','29',90000),
    ('03','30',81000),
    ('03','31',87000),
    ('03','32',84000),
    ('03','33',59000),
    ('03','34',11000),
    ('04','04',20000),
    ('04','05',17170),
    ('04','06',50000),
    ('04','07',40000),
    ('04','08',23000),
    ('04','09',15150),
    ('04','10',15000),
    ('04','11',21000),
    ('04','12',58000),
    ('04','13',77000),
    ('04','14',45000),
    ('04','15',88000),
    ('04','16',33000),
    ('04','17',60000),
    ('04','18',28000),
    ('04','19',35000),
    ('04','20',23000),
    ('04','21',42000),
    ('04','22',28000),
    ('04','23',22000),
    ('04','24',47000),
    ('04','25',25000),
    ('04','26',30000),
    ('04','27',53000),
    ('04','28',93000),
    ('04','29',87000),
    ('04','30',78000),
    ('04','31',90000),
    ('04','32',81000),
    ('04','33',54000),
    ('04','34',45000),
    ('05','05',20000),
    ('05','06',20000),
    ('05','07',41000),
    ('05','08',86000),
    ('05','09',50000),
    ('05','10',56000),
    ('05','11',15000),
    ('05','12',53000),
    ('05','13',77000),
    ('05','14',42000),
    ('05','15',14000),
    ('05','16',53000),
    ('05','17',42000),
    ('05','18',149000),
    ('05','19',57000),
    ('05','20',40000),
    ('05','21',39000),
    ('05','22',28000),
    ('05','23',83000),
    ('05','24',39000),
    ('05','25',154000),
    ('05','26',69000),
    ('05','27',78000),
    ('05','28',87000),
    ('05','29',81000),
    ('05','30',72000),
    ('05','31',84000),
    ('05','32',75000),
    ('05','33',25000),
    ('05','34',87000),
    ('06','06',28000),
    ('06','07',31000),
    ('06','08',39000),
    ('06','09',63000),
    ('06','10',32000),
    ('06','11',39000),
    ('06','12',47000),
    ('06','13',37000),
    ('06','14',44000),
    ('06','15',38000),
    ('06','16',73000),
    ('06','17',48000),
    ('06','18',43000),
    ('06','19',52000),
    ('06','20',44000),
    ('06','21',49000),
    ('06','22',39000),
    ('06','23',47000),
    ('06','24',75000),
    ('06','25',44000),
    ('06','26',66000),
    ('06','27',37000),
    ('06','28',90000),
    ('06','29',78000),
    ('06','30',69000),
    ('06','31',77000),
    ('06','32',75000),
    ('06','33',28000),
    ('06','34',28000),
    ('07','07',11000),
    ('07','08',29000),
    ('07','09',26000),
    ('07','10',42000),
    ('07','11',9000),
    ('07','12',30000),
    ('07','13',69000),
    ('07','14',16000),
    ('07','15',52000),
    ('07','16',41410),
    ('07','17',54000),
    ('07','18',26000),
    ('07','19',51000),
    ('07','20',35000),
    ('07','21',43000),
    ('07','22',119000),
    ('07','23',74000),
    ('07','24',57000),
    ('07','25',70000),
    ('07','26',39000),
    ('07','27',72000),
    ('07','28',66000),
    ('07','29',75000),
    ('07','30',66000),
    ('07','31',238000),
    ('07','32',42000),
    ('07','33',22000),
    ('07','34',47000),
    ('08','08',18000),
    ('08','09',40000),
    ('08','10',28000),
    ('08','11',40000),
    ('08','12',21000),
    ('08','13',69000),
    ('08','14',25000),
    ('08','15',31000),
    ('08','16',51000),
    ('08','17',32000),
    ('08','18',48000),
    ('08','19',60000),
    ('08','20',25000),
    ('08','21',33000),
    ('08','22',68000),
    ('08','23',48000),
    ('08','24',75000),
    ('08','25',32000),
    ('08','26',72000),
    ('08','27',61000),
    ('08','28',90000),
    ('08','29',84000),
    ('08','30',75000),
    ('08','31',130000),
    ('08','32',78000),
    ('08','33',11000),
    ('08','34',19000),
    ('09','09',21000),
    ('09','10',28000),
    ('09','11',46000),
    ('09','12',42000),
    ('09','13',69000),
    ('09','14',40000);
INSERT INTO DeliveryFee VALUES
    ('09','15',31000),
    ('09','16',39000),
    ('09','17',33000),
    ('09','18',55000),
    ('09','19',45000),
    ('09','20',45000),
    ('09','21',39000),
    ('09','22',30000),
    ('09','23',41000),
    ('09','24',51000),
    ('09','25',64000),
    ('09','26',57000),
    ('09','27',56000),
    ('09','28',75000),
    ('09','29',69000),
    ('09','30',60000),
    ('09','31',55000),
    ('09','32',63000),
    ('09','33',19000),
    ('09','34',47000),
    ('10','10',28000),
    ('10','11',46000),
    ('10','12',33000),
    ('10','13',20000),
    ('10','14',30000),
    ('10','15',38000),
    ('10','16',33000),
    ('10','17',42000),
    ('10','18',47000),
    ('10','19',48000),
    ('10','20',27000),
    ('10','21',30000),
    ('10','22',58000),
    ('10','23',51000),
    ('10','24',54000),
    ('10','25',76000),
    ('10','26',60000),
    ('10','27',69000),
    ('10','28',78000),
    ('10','29',72000),
    ('10','30',63000),
    ('10','31',75000),
    ('10','32',66000),
    ('10','33',25000),
    ('10','34',37000),
    ('11','11',28000),
    ('11','12',38000),
    ('11','13',37875),
    ('11','14',41000),
    ('11','15',30000),
    ('11','16',33000),
    ('11','17',43000),
    ('11','18',39000),
    ('11','19',42000),
    ('11','20',21000),
    ('11','21',24000),
    ('11','22',88000),
    ('11','23',45000),
    ('11','24',48000),
    ('11','25',51000),
    ('11','26',54000),
    ('11','27',96000),
    ('11','28',72000),
    ('11','29',66000),
    ('11','30',57000),
    ('11','31',189000),
    ('11','32',60000),
    ('11','33',32000),
    ('11','34',33000),
    ('12','12',14000),
    ('12','13',20000),
    ('12','14',15000),
    ('12','15',51000),
    ('12','16',40000),
    ('12','17',43000),
    ('12','18',25000),
    ('12','19',51000),
    ('12','20',35000),
    ('12','21',25000),
    ('12','22',29000),
    ('12','23',46000),
    ('12','24',31000),
    ('12','25',49000),
    ('12','26',30000),
    ('12','27',53000),
    ('12','28',80000),
    ('12','29',54000),
    ('12','30',35000),
    ('12','31',79000),
    ('12','32',48000),
    ('12','33',21000),
    ('12','34',21000),
    ('13','13',9000),
    ('13','14',46000),
    ('13','15',36000),
    ('13','16',37000),
    ('13','17',37000),
    ('13','18',94000),
    ('13','19',73000),
    ('13','20',46000),
    ('13','21',62000),
    ('13','22',47000),
    ('13','23',55000),
    ('13','24',82000),
    ('13','25',42000),
    ('13','26',55000),
    ('13','27',108000),
    ('13','28',229000),
    ('13','29',52000),
    ('13','30',42000),
    ('13','31',78000),
    ('13','32',66000),
    ('13','33',20000),
    ('13','34',23000),
    ('14','14',15000),
    ('14','15',44000),
    ('14','16',26000),
    ('14','17',41000),
    ('14','18',21000),
    ('14','19',32000),
    ('14','20',13000),
    ('14','21',18000),
    ('14','22',26000),
    ('14','23',36000),
    ('14','24',31000),
    ('14','25',39000),
    ('14','26',33000),
    ('14','27',37000),
    ('14','28',52000),
    ('14','29',75000),
    ('14','30',28000),
    ('14','31',76000),
    ('14','32',33000),
    ('14','33',36000),
    ('14','34',19000),
    ('15','15',17000),
    ('15','16',30000),
    ('15','17',66000),
    ('15','18',51000),
    ('15','19',99000),
    ('15','20',42000),
    ('15','21',75000),
    ('15','22',30000),
    ('15','23',44000),
    ('15','24',44000),
    ('15','25',59000),
    ('15','26',42000),
    ('15','27',66000),
    ('15','28',42000),
    ('15','29',36000),
    ('15','30',27000),
    ('15','31',58000),
    ('15','32',70000),
    ('15','33',47000),
    ('15','34',57000),
    ('16','16',39000),
    ('16','17',16000),
    ('16','18',50000),
    ('16','19',9000),
    ('16','20',12000),
    ('16','21',49000),
    ('16','22',60000),
    ('16','23',12000),
    ('16','24',128000),
    ('16','25',51000),
    ('16','26',72000),
    ('16','27',30000),
    ('16','28',215000),
    ('16','29',196000),
    ('16','30',144000),
    ('16','31',46000),
    ('16','32',27000),
    ('16','33',28000),
    ('16','34',52000),
    ('17','17',28000),
    ('17','18',41000),
    ('17','19',50000),
    ('17','20',37000),
    ('17','21',88000),
    ('17','22',129000),
    ('17','23',106000),
    ('17','24',96000),
    ('17','25',69000),
    ('17','26',111000),
    ('17','27',135000),
    ('17','28',161000),
    ('17','29',147000),
    ('17','30',108000),
    ('17','31',153000),
    ('17','32',77000),
    ('17','33',35000),
    ('17','34',44000),
    ('18','18',16000),
    ('18','19',55000),
    ('18','20',8000),
    ('18','21',90000),
    ('18','22',118000),
    ('18','23',85000),
    ('18','24',89000),
    ('18','25',61000),
    ('18','26',94000),
    ('18','27',149000),
    ('18','28',145000),
    ('18','29',194000),
    ('18','30',83000),
    ('18','31',140000),
    ('18','32',64000),
    ('18','33',54000),
    ('18','34',60000),
    ('19','19',8000),
    ('19','20',21000),
    ('19','21',56000),
    ('19','22',100000),
    ('19','23',77000),
    ('19','24',72000),
    ('19','25',54000),
    ('19','26',71000),
    ('19','27',98000),
    ('19','28',104000),
    ('19','29',116000),
    ('19','30',48000),
    ('19','31',145000),
    ('19','32',60000),
    ('19','33',42000),
    ('19','34',47000),
    ('20','20',8000),
    ('20','21',27000),
    ('20','22',29000),
    ('20','23',24000),
    ('20','24',37000),
    ('20','25',30000),
    ('20','26',16000),
    ('20','27',42000),
    ('20','28',51000),
    ('20','29',45000),
    ('20','30',36000),
    ('20','31',48000),
    ('20','32',39000),
    ('20','33',36000),
    ('20','34',28000),
    ('21','21',1300),
    ('21','22',3000),
    ('21','23',21000),
    ('21','24',55000),
    ('21','25',44000),
    ('21','26',30000),
    ('21','27',108000),
    ('21','28',84000),
    ('21','29',42000),
    ('21','30',33000);
INSERT INTO DeliveryFee VALUES
    ('21','31',45000),
    ('21','32',36000),
    ('21','33',37000),
    ('21','34',37000),
    ('22','22',23000),
    ('22','23',18000),
    ('22','24',21000),
    ('22','25',118000),
    ('22','26',27000),
    ('22','27',36000),
    ('22','28',45000),
    ('22','29',39000),
    ('22','30',30000),
    ('22','31',42000),
    ('22','32',33000),
    ('22','33',41000),
    ('22','34',55000),
    ('23','23',7000),
    ('23','24',44000),
    ('23','25',22000),
    ('23','26',9000),
    ('23','27',47000),
    ('23','28',66000),
    ('23','29',25000),
    ('23','30',22000),
    ('23','31',50000),
    ('23','32',15000),
    ('23','33',49000),
    ('23','34',47000),
    ('24','24',25000),
    ('24','25',35000),
    ('24','26',44000),
    ('24','27',113000),
    ('24','28',116000),
    ('24','29',96000),
    ('24','30',43000),
    ('24','31',104000),
    ('24','32',24000),
    ('24','33',61000),
    ('24','34',77000),
    ('25','25',17000),
    ('25','26',16000),
    ('25','27',32000),
    ('25','28',62000),
    ('25','29',33000),
    ('25','30',19000),
    ('25','31',42000),
    ('25','32',17000),
    ('25','33',26000),
    ('25','34',25000),
    ('26','26',11500),
    ('26','27',9000),
    ('26','28',18000),
    ('26','29',94000),
    ('26','30',54000),
    ('26','31',138000),
    ('26','32',6000),
    ('26','33',32000),
    ('26','34',29000),
    ('27','27',13000),
    ('27','28',124000),
    ('27','29',58000),
    ('27','30',60000),
    ('27','31',84000),
    ('27','32',77000),
    ('27','33',51000),
    ('27','34',58000),
    ('28','28',45000),
    ('28','29',147000),
    ('28','30',107000),
    ('28','31',49000),
    ('28','32',77000),
    ('28','33',64000),
    ('28','34',75000),
    ('29','29',11000),
    ('29','30',116000),
    ('29','31',149000),
    ('29','32',69000),
    ('29','33',60000),
    ('29','34',69000),
    ('30','30',5000),
    ('30','31',92000),
    ('30','32',30000),
    ('30','33',32000),
    ('30','34',31000),
    ('31','31',66000),
    ('31','32',63000),
    ('31','33',116000),
    ('31','34',88000),
    ('32','32',34000),
    ('32','33',59000),
    ('32','34',65000),
    ('33','33',18000),
    ('33','34',11000),
    ('34','34',13130);